[
    {
        "PK": "INST",
        "SK": "INST#APAC",
        "Id": "APAC",
        "Name": "Pacific Coast University",
        "URL": "https://www.pcu-whs.ca/",
        "Logo": "logo-APAC.jpg",
        "Address": {
            "Street": "",
            "City": "Port Alberni",
            "ProvState": "BC",
            "Country": "Canada"
        }
    },
    {
        "PK": "INST",
        "SK": "INST#AUAJ",
        "Id": "AUAJ",
        "Name": "Royal Roads University",
        "URL": "https://www.royalroads.ca/",
        "Logo": "logo-AUAJ.jpg",
        "Address": {
            "Street": "2005 Sooke Rd.",
            "City": "Victoria",
            "ProvState": "BC",
            "Country": "Canada"
        }
    },
    {
        "PK": "INST",
        "SK": "INST#AUAP",
        "Id": "AUAP",
        "Name": "Thompson Rivers University",
        "URL": "https://www.tru.ca/",
        "Logo": "logo-AUAP.jpg",
        "Address": {
            "Street": "900 McGill Road",
            "City": "Kamloops",
            "ProvState": "BC",
            "Country": "Canada"
        }
    },
    {
        "PK": "INST",
        "SK": "INST#BUAB",
        "Id": "BUAB",
        "Name": "Athabasca University",
        "URL": "https://www.athabascau.ca/",
        "Logo": "logo-BUAB.jpg",
        "Address": {
            "Street": "",
            "City": "Online (Alberta)",
            "ProvState": "",
            "Country": "Canada"
        }
    },
    {
        "PK": "INST",
        "SK": "INST#E000",
        "Id": "E000",
        "Name": "All Ontario Colleges",
        "URL": "",
        "Logo": "",
        "Address": {
            "Street": "",
            "City": "Various",
            "ProvState": "Ontario",
            "Country": "Canada"
        }
    },
    {
        "PK": "INST",
        "SK": "INST#EPLH",
        "Id": "EPLH",
        "Name": "Niagara University",
        "URL": "https://www.niagara.edu/",
        "Logo": "logo-EPLH.jpg",
        "Address": {
            "Street": "2904 Hwy 7 West",
            "City": "Vaughan",
            "ProvState": "Ontario",
            "Country": "Canada"
        }
    },
    {
        "PK": "INST",
        "SK": "INST#EUA1",
        "Id": "EUA1",
        "Name": "Trent University",
        "URL": "https://www.trentu.ca/",
        "Logo": "logo-EUAW.jpg",
        "Address": {
            "Street": "",
            "City": "Peterborough",
            "ProvState": "Ontario",
            "Country": "Canada"
        }
    },
    {
        "PK": "INST",
        "SK": "INST#EUA2",
        "Id": "EUA2",
        "Name": "University of Guelph - Humber",
        "URL": "https://www.guelphhumber.ca/",
        "Logo": "logo-EUA2.jpg",
        "Address": {
            "Street": "",
            "City": "",
            "ProvState": "",
            "Country": ""
        }
    },
    {
        "PK": "INST",
        "SK": "INST#EUA3",
        "Id": "EUA3",
        "Name": "University of Toronto Mississauga",
        "URL": "https://www.utm.utoronto.ca/",
        "Logo": "",
        "Address": {
            "Street": "",
            "City": "Mississauga",
            "ProvState": "Ontario",
            "Country": "Canada"
        }
    },
    {
        "PK": "INST",
        "SK": "INST#EUA4",
        "Id": "EUA4",
        "Name": "Wilfrid Laurier University",
        "URL": "https://www.wlu.ca/",
        "Logo": "logo-EUA4.jpg",
        "Address": {
            "Street": "",
            "City": "Branford",
            "ProvState": "Ontario",
            "Country": "Canada"
        }
    },
    {
        "PK": "INST",
        "SK": "INST#EUAA",
        "Id": "EUAA",
        "Name": "Algoma University",
        "URL": "https://algomau.ca/",
        "Logo": "logo-EUAA.jpg",
        "Address": {
            "Street": "1520 Queen St. E.",
            "City": "Sault Ste. Marie",
            "ProvState": "Ontario",
            "Country": "Canada"
        }
    },
    {
        "PK": "INST",
        "SK": "INST#EUAE",
        "Id": "EUAE",
        "Name": "Carleton University",
        "URL": "https://carleton.ca/",
        "Logo": "logo-EUAE.jpg",
        "Address": {
            "Street": "1125 Colonel By Dr.",
            "City": "Ottawa",
            "ProvState": "Ontario",
            "Country": "Canada"
        }
    },
    {
        "PK": "INST",
        "SK": "INST#EUAK",
        "Id": "EUAK",
        "Name": "University of Guelph",
        "URL": "https://www.uoguelph.ca/",
        "Logo": "logo-EUAK.jpg",
        "Address": {
            "Street": "50 Stone Road East",
            "City": "Guelph",
            "ProvState": "Ontario",
            "Country": "Canada"
        }
    },
    {
        "PK": "INST",
        "SK": "INST#EUAL",
        "Id": "EUAL",
        "Name": "Lakehead University",
        "URL": "https://www.lakeheadu.ca/",
        "Logo": "logo-EUAL.jpg",
        "Address": {
            "Street": "955 Oliver Road",
            "City": "Thunder Bay",
            "ProvState": "Ontario",
            "Country": "Canada"
        }
    },
    {
        "PK": "INST",
        "SK": "INST#EUAM",
        "Id": "EUAM",
        "Name": "Laurentian University",
        "URL": "https://laurentian.ca/",
        "Logo": "logo-EUAM.jpg",
        "Address": {
            "Street": "Ramsey Lake Rd.",
            "City": "Sudbury",
            "ProvState": "Ontario",
            "Country": "Canada"
        }
    },
    {
        "PK": "INST",
        "SK": "INST#EUAN",
        "Id": "EUAN",
        "Name": "McMaster University",
        "URL": "https://www.mcmaster.ca/",
        "Logo": "logo-EUAN.jpg",
        "Address": {
            "Street": "1280 Main Street West",
            "City": "Hamilton",
            "ProvState": "Ontario",
            "Country": "Canada"
        }
    },
    {
        "PK": "INST",
        "SK": "INST#EUAO",
        "Id": "EUAO",
        "Name": "University of Ottawa",
        "URL": "https://www2.uottawa.ca/en",
        "Logo": "logo-EUAO.jpg",
        "Address": {
            "Street": "1001 S. Cedar St.",
            "City": "Ottawa",
            "ProvState": "Ontario",
            "Country": "Canada"
        }
    },
    {
        "PK": "INST",
        "SK": "INST#EUAP",
        "Id": "EUAP",
        "Name": "Queen's University",
        "URL": "https://www.queensu.ca/",
        "Logo": "logo-EUAP.jpg",
        "Address": {
            "Street": "74 Union Street",
            "City": "Kingston",
            "ProvState": "Ontario",
            "Country": "Canada"
        }
    },
    {
        "PK": "INST",
        "SK": "INST#EUAY",
        "Id": "EUAY",
        "Name": "Western University",
        "URL": "https://www.uwo.ca/",
        "Logo": "logo-EUAY.jpg",
        "Address": {
            "Street": "1151 Richmond Street",
            "City": "London",
            "ProvState": "Ontario",
            "Country": "Canada"
        }
    },
    {
        "PK": "INST",
        "SK": "INST#EUBA",
        "Id": "EUBA",
        "Name": "University of Windsor",
        "URL": "https://www.uwindsor.ca/",
        "Logo": "logo-EUBA.jpg",
        "Address": {
            "Street": "401 Sunset Ave.",
            "City": "Windsor",
            "ProvState": "Ontario",
            "Country": "Canada"
        }
    },
    {
        "PK": "INST",
        "SK": "INST#EUBB",
        "Id": "EUBB",
        "Name": "York University",
        "URL": "https://www.yorku.ca/",
        "Logo": "logo-EUBB.jpg",
        "Address": {
            "Street": "4700 Keele Street",
            "City": "North York",
            "ProvState": "Ontario",
            "Country": "Canada"
        }
    },
    {
        "PK": "INST",
        "SK": "INST#EUBD",
        "Id": "EUBD",
        "Name": "Brock University",
        "URL": "https://brocku.ca/",
        "Logo": "logo-EUBD.jpg",
        "Address": {
            "Street": "500 Glenridge Ave.",
            "City": "St. Catherines",
            "ProvState": "Ontario",
            "Country": "Canada"
        }
    },
    {
        "PK": "INST",
        "SK": "INST#EUBF",
        "Id": "EUBF",
        "Name": "Ryerson University",
        "URL": "https://www.ryerson.ca/",
        "Logo": "logo-EUBF.jpg",
        "Address": {
            "Street": "350 Victoria St.",
            "City": "Toronto",
            "ProvState": "Ontario",
            "Country": "Canada"
        }
    },
    {
        "PK": "INST",
        "SK": "INST#EUBS",
        "Id": "EUBS",
        "Name": "Ontario Tech University",
        "URL": "https://ontariotechu.ca/",
        "Logo": "logo-EUBS.jpg",
        "Address": {
            "Street": "2000 Simcoe Street North",
            "City": "Oshawa",
            "ProvState": "Ontario",
            "Country": "Canada"
        }
    },
    {
        "PK": "INST",
        "SK": "INST#EV01",
        "Id": "EV01",
        "Name": "Fanshawe College, George Brown College, Sheridan College (the Tri-College Consortium)",
        "URL": "",
        "Logo": "",
        "Address": {
            "Street": "",
            "City": "",
            "ProvState": "",
            "Country": ""
        }
    },
    {
        "PK": "INST",
        "SK": "INST#EV01",
        "Id": "EV01",
        "Name": "Fanshawe College",
        "URL": "https://www.fanshawec.ca/",
        "Logo": "logo-EVAM.jpg",
        "Address": {
            "Street": "",
            "City": "",
            "ProvState": "",
            "Country": ""
        }
    },
    {
        "PK": "INST",
        "SK": "INST#EV01",
        "Id": "EV01",
        "Name": "George Brown College",
        "URL": "https://www.georgebrown.ca/",
        "Logo": "logo-EVAU.jpg",
        "Address": {
            "Street": "",
            "City": "",
            "ProvState": "",
            "Country": ""
        }
    },
    {
        "PK": "INST",
        "SK": "INST#EV02",
        "Id": "EV02",
        "Name": "Fleming College",
        "URL": "https://flemingcollege.ca/",
        "Logo": "logo-EVBU.jpg",
        "Address": {
            "Street": "297 College Dr",
            "City": "Haliburton",
            "ProvState": "Ontario",
            "Country": "Canada"
        }
    },
    {
        "PK": "INST",
        "SK": "INST#EVAA",
        "Id": "EVAA",
        "Name": "Algonquin College",
        "URL": "https://www.algonquincollege.com/",
        "Logo": "logo-EVAA.jpg",
        "Address": {
            "Street": "1385 Woodroffe Ave.",
            "City": "Ottawa",
            "ProvState": "Ontario",
            "Country": "Canada"
        }
    },
    {
        "PK": "INST",
        "SK": "INST#EVAD",
        "Id": "EVAD",
        "Name": "Canadore College",
        "URL": "https://www.canadorecollege.ca/",
        "Logo": "logo-EVAD.jpg",
        "Address": {
            "Street": "100 College Dr.",
            "City": "North Bay",
            "ProvState": "Ontario",
            "Country": "Canada"
        }
    },
    {
        "PK": "INST",
        "SK": "INST#EVAI",
        "Id": "EVAI",
        "Name": "Conestoga College",
        "URL": "https://www.conestogac.on.ca/",
        "Logo": "logo-EVAI.jpg",
        "Address": {
            "Street": "299 Doon Valley Dr.",
            "City": "Kitchener",
            "ProvState": "Ontario",
            "Country": "Canada"
        }
    },
    {
        "PK": "INST",
        "SK": "INST#EVAK",
        "Id": "EVAK",
        "Name": "Confederation College",
        "URL": "https://www.confederationcollege.ca/",
        "Logo": "logo-EVAK.jpg",
        "Address": {
            "Street": "1450 Nakina Dr.",
            "City": "Thunder Bay",
            "ProvState": "Ontario",
            "Country": "Canada"
        }
    },
    {
        "PK": "INST",
        "SK": "INST#EVAP",
        "Id": "EVAP",
        "Name": "Niagara College",
        "URL": "https://www.niagaracollege.ca/",
        "Logo": "logo-EVAP.jpg",
        "Address": {
            "Street": "300 Woodlawn Road",
            "City": "Welland",
            "ProvState": "Ontario",
            "Country": "Canada"
        }
    },
    {
        "PK": "INST",
        "SK": "INST#EVAQ",
        "Id": "EVAQ",
        "Name": "Centennial College",
        "URL": "https://www.centennialcollege.ca/",
        "Logo": "logo-EVAQ.jpg",
        "Address": {
            "Street": "",
            "City": "Scarborough",
            "ProvState": "Ontario",
            "Country": "Canada"
        }
    },
    {
        "PK": "INST",
        "SK": "INST#EVAW",
        "Id": "EVAW",
        "Name": "Georgian College",
        "URL": "https://www.georgiancollege.ca/",
        "Logo": "logo-EVAW.jpg",
        "Address": {
            "Street": "One Georgian Dr.",
            "City": "Barrie",
            "ProvState": "Ontario",
            "Country": "Canada"
        }
    },
    {
        "PK": "INST",
        "SK": "INST#EVAX",
        "Id": "EVAX",
        "Name": "Humber College",
        "URL": "https://humber.ca/",
        "Logo": "logo-EVAX.jpg",
        "Address": {
            "Street": "205 Humber College Blvd.",
            "City": "Etobicoke",
            "ProvState": "Ontario",
            "Country": "Canada"
        }
    },
    {
        "PK": "INST",
        "SK": "INST#EVBC",
        "Id": "EVBC",
        "Name": "Lambton College",
        "URL": "https://www.lambtoncollege.ca/",
        "Logo": "logo-EVBC.jpg",
        "Address": {
            "Street": "1457 London Rd.",
            "City": "Sarnia",
            "ProvState": "Ontario",
            "Country": "Canada"
        }
    },
    {
        "PK": "INST",
        "SK": "INST#EVBH",
        "Id": "EVBH",
        "Name": "Cambrian College",
        "URL": "https://cambriancollege.ca/",
        "Logo": "logo-EVBH.jpg",
        "Address": {
            "Street": "1400 Barrydown Rd.",
            "City": "Sudbury",
            "ProvState": "Ontario",
            "Country": "Canada"
        }
    },
    {
        "PK": "INST",
        "SK": "INST#EVBL",
        "Id": "EVBL",
        "Name": "St. Lawrence College",
        "URL": "https://www.stlawrencecollege.ca/",
        "Logo": "logo-EVBL.jpg",
        "Address": {
            "Street": "",
            "City": "Kingston",
            "ProvState": "Ontario",
            "Country": "Canada"
        }
    },
    {
        "PK": "INST",
        "SK": "INST#EVBO",
        "Id": "EVBO",
        "Name": "Mohawk College",
        "URL": "https://www.mohawkcollege.ca/",
        "Logo": "logo-EVBO.jpg",
        "Address": {
            "Street": "135 Fennell Ave West",
            "City": "Hamilton",
            "ProvState": "Ontario",
            "Country": "Canada"
        }
    },
    {
        "PK": "INST",
        "SK": "INST#EVBQ",
        "Id": "EVBQ",
        "Name": "Seneca College",
        "URL": "https://www.senecacollege.ca/home.html",
        "Logo": "logo-EVBQ.jpg",
        "Address": {
            "Street": "1750 Finch Avenue East",
            "City": "Toronto",
            "ProvState": "Ontario",
            "Country": "Canada"
        }
    },
    {
        "PK": "INST",
        "SK": "INST#EVBR",
        "Id": "EVBR",
        "Name": "Sheridan College",
        "URL": "https://www.sheridancollege.ca",
        "Logo": "logo-EVBR.jpg",
        "Address": {
            "Street": "1430 Trafalgar Rd",
            "City": "Oakville",
            "ProvState": "Ontario",
            "Country": "Canada"
        }
    },
    {
        "PK": "INST",
        "SK": "INST#FUAA",
        "Id": "FUAA",
        "Name": "Bishop's University",
        "URL": "https://www.ubishops.ca/",
        "Logo": "logo-FUAA.jpg",
        "Address": {
            "Street": "2600 College Street",
            "City": "Sherbrooke",
            "ProvState": "Quebec",
            "Country": "Canada"
        }
    },
    {
        "PK": "INST",
        "SK": "INST#HUAJ",
        "Id": "HUAJ",
        "Name": "Cape Breton University",
        "URL": "https://www.cbu.ca/",
        "Logo": "logo-HUAJ.jpg",
        "Address": {
            "Street": "1250 Grand Lake Road",
            "City": "Sydney",
            "ProvState": "Nova Scotia",
            "Country": "Canada"
        }
    },
    {
        "PK": "INST",
        "SK": "INST#MUJI",
        "Id": "MUJI",
        "Name": "D'Youville College",
        "URL": "http://www.dyc.edu/",
        "Logo": "logo-MUJI.jpg",
        "Address": {
            "Street": "320 Porter Ave.",
            "City": "Buffalo",
            "ProvState": "New York",
            "Country": "United States"
        }
    },
    {
        "PK": "INST",
        "SK": "INST#MVBK",
        "Id": "MVBK",
        "Name": "Lawrence Technological University",
        "URL": "https://www.ltu.edu/",
        "Logo": "logo-MVBK.jpg",
        "Address": {
            "Street": "21000 W Ten Mile Road",
            "City": "Southfield",
            "ProvState": "Michigan",
            "Country": "United States"
        }
    },
    {
        "PK": "INST",
        "SK": "INST#MX01",
        "Id": "MX01",
        "Name": "Davenport University",
        "URL": "https://www.davenport.edu/",
        "Logo": "logo-MX01.jpg",
        "Address": {
            "Street": "",
            "City": "Michigan",
            "ProvState": "",
            "Country": "United States"
        }
    },
    {
        "PK": "INST",
        "SK": "INST#MXMN",
        "Id": "MXMN",
        "Name": "Boston Architectural College",
        "URL": "https://the-bac.edu/",
        "Logo": "logo-MXMN.jpg",
        "Address": {
            "Street": "",
            "City": "Boston",
            "ProvState": "Massachusetts",
            "Country": "United States"
        }
    },
    {
        "PK": "INST",
        "SK": "INST#PUGZ",
        "Id": "PUGZ",
        "Name": "University of South Wales",
        "URL": "https://www.southwales.ac.uk/",
        "Logo": "logo-PUGZ.jpg",
        "Address": {
            "Street": "",
            "City": "Treforest Pontypridd",
            "ProvState": "",
            "Country": "United Kingdom"
        }
    },
    {
        "PK": "INST",
        "SK": "INST#QUYS",
        "Id": "QUYS",
        "Name": "Waterford Institute of Technology",
        "URL": "https://www.wit.ie/",
        "Logo": "logo-QUYS.jpg",
        "Address": {
            "Street": "Cork Road",
            "City": "Waterford",
            "ProvState": "",
            "Country": "Ireland"
        }
    },
    {
        "PK": "INST",
        "SK": "INST#QV02",
        "Id": "QV02",
        "Name": "Letterkenny Institute of Technology",
        "URL": "https://www.lyit.ie/",
        "Logo": "logo-QV02.jpg",
        "Address": {
            "Street": "Port Road",
            "City": "Letterkenny",
            "ProvState": "",
            "Country": "Ireland"
        }
    },
    {
        "PK": "INST",
        "SK": "INST#QVDG",
        "Id": "QVDG",
        "Name": "Dún Laoghaire Institute of Art, Design and Technology",
        "URL": "https://iadt.ie/",
        "Logo": "logo-QVDG.jpg",
        "Address": {
            "Street": "Killavenue",
            "City": "Dun Laochaire",
            "ProvState": "",
            "Country": "Ireland"
        }
    },
    {
        "PK": "INST",
        "SK": "INST#QVEE",
        "Id": "QVEE",
        "Name": "Dundalk Institute of Technology",
        "URL": "https://www.fanshawec.ca/",
        "Logo": "logo-QVEE.jpg",
        "Address": {
            "Street": "Dublin Rd.",
            "City": "Dundalk",
            "ProvState": "",
            "Country": "Ireland"
        }
    },
    {
        "PK": "INST",
        "SK": "INST#QVEF",
        "Id": "QVEF",
        "Name": "Galway-Mayo Institute of Technology",
        "URL": "https://www.gmit.ie/",
        "Logo": "logo-QVEF.jpg",
        "Address": {
            "Street": "Dublin Road",
            "City": "Galway",
            "ProvState": "",
            "Country": "Ireland"
        }
    },
    {
        "PK": "INST",
        "SK": "INST#QVEG",
        "Id": "QVEG",
        "Name": "Institute of Technology, Sligo",
        "URL": "https://www.itsligo.ie/",
        "Logo": "logo-QVEG.jpg",
        "Address": {
            "Street": "Ash Lane",
            "City": "Sligo",
            "ProvState": "",
            "Country": "Ireland"
        }
    },
    {
        "PK": "INST",
        "SK": "INST#QWBV",
        "Id": "QWBV",
        "Name": "Institute of Technology Carlow",
        "URL": "https://www.itcarlow.ie/",
        "Logo": "logo-QWBV.jpg",
        "Address": {
            "Street": "Kilkenny Road",
            "City": "Carlow",
            "ProvState": "",
            "Country": "Ireland"
        }
    },
    {
        "PK": "INST",
        "SK": "INST#QWBV",
        "Id": "QWBV",
        "Name": "Institute of Technology, Carlow",
        "URL": "https://www.itcarlow.ie/",
        "Logo": "logo-QWBV.jpg",
        "Address": {
            "Street": "Kilkenny Road",
            "City": "Carlow",
            "ProvState": "",
            "Country": "Ireland"
        }
    },
    {
        "PK": "INST",
        "SK": "INST#USHA",
        "Id": "USHA",
        "Name": "Technological University of the Shannon: Midlands, Midwest",
        "URL": "https://tus.ie/",
        "Logo": "logo-USHA.jpg",
        "Address": {
            "Street": "",
            "City": "",
            "ProvState": "",
            "Country": "Ireland"
        }
    },
    {
        "PK": "INST",
        "SK": "INST#USUD",
        "Id": "USUD",
        "Name": "University of Sudbury",
        "URL": "https://usudbury.ca/index.html",
        "Logo": "logo-USUD.jpg",
        "Address": {
            "Street": "935 Ramsey Road",
            "City": "Sudbury",
            "ProvState": "Ontario",
            "Country": "Canada"
        }
    },
    {
        "PK": "INST",
        "SK": "INST#VUSY",
        "Id": "VUSY",
        "Name": "Griffith University",
        "URL": "https://www.griffith.edu.au/",
        "Logo": "logo-VUSY.jpg",
        "Address": {
            "Street": "",
            "City": "Queensland",
            "ProvState": "",
            "Country": "Australia"
        }
    }
]